Designator,Mid X,Mid Y,Layer,Rotation
C1,36.83,54.61,Top,0.0
C4,67.31,39.37,Top,90.0
C6,22.73,11.43,Top,180.0
C7,73.94,11.43,Top,270.0
C8,71.76,16.51,Top,90.0
C9,70.23, 9.40,Top,270.0
C10,76.07,16.51,Top,90.0
C11,76.07,11.43,Top,270.0
C12,73.91,16.51,Top,90.0
C23,64.14,27.30,Top,270.0
C24,58.93,23.75,Top,180.0
C25,68.58,24.13,Top,180.0
C26,68.58,21.59,Top,180.0
C29,68.58,26.67,Top,180.0
C40,66.04,56.52,Top,0.0
C41,79.12,55.63,Top,270.0
C43,59.69,56.52,Top,0.0
C44,43.82,55.88,Top,0.0
C45,74.04,55.63,Top,270.0
C46,51.44,55.88,Top,0.0
IC8,59.69,29.21,Top,270.0
J1,53.09, 3.81,Top,0.0
J2,80.10,17.07,Top,270.0
J3,35.69, 3.81,Top,0.0
J4,18.29, 3.81,Top,0.0
J6,60.33,59.69,Top,180.0
J7,18.29,59.69,Top,180.0
J8,45.47,59.69,Top,180.0
J9,33.15,59.69,Top,180.0
J10,75.18,59.69,Top,180.0
J12,67.95, 3.81,Top,0.0
JP1,29.85,51.44,Top,0.0
L1,65.41,17.14,Top,90.0
PS1,68.58,13.34,Top,0.0
R1,32.38,25.15,Top,270.0
R2,60.33,18.41,Top,270.0
R3,36.20,45.09,Top,90.0
R4,58.42,50.80,Top,90.0
R5,33.66,54.61,Top,180.0
R6,58.42,18.41,Top,90.0
R9,60.96,50.80,Top,270.0
R11,64.77,11.30,Top,0.0
R12,18.41, 9.53,Top,90.0
R15,66.04,50.80,Top,270.0
R16,63.50,50.80,Top,270.0
R17,55.88,50.80,Top,270.0
R18,68.58,50.80,Top,270.0
R21,71.12,50.80,Top,270.0
R22,26.04,10.79,Top,90.0
R41,48.26, 8.89,Top,180.0
R44,62.87,56.52,Top,180.0
R45,76.84,56.52,Top,180.0
R47,56.52,56.52,Top,180.0
R48,40.64,55.88,Top,180.0
R49,71.76,56.52,Top,180.0
R50,48.26,55.88,Top,180.0
T1,21.59, 7.62,Top,270.0
T2,41.91, 7.62,Top,270.0
T3,52.07, 7.62,Top,270.0
U$1,26.67,15.88,Top,90.0
U$3,62.87,41.27,Top,180.0
U$4,84.96,31.12,Top,90.0
U1,22.23,34.93,Top,90.0
