Comment,Designator,Footprint,LCSC Part #
0.1uF,C8,C1206,
1K,R12 R22 R41,R0603,
1uF,C29,C0805,
3.3nF,C9,C0805,
3PIN_Header,JP1,JP2,C19190477
4.7K,R4 R9 R15 R16 R17 R18 R20 R21 R30 R31 R32 R33 R34 R35 R36 R37 R38 R40,R0603,
4.7uF,C19,C0603,
6.8nF,C15 C21,C0603,
10.0 1%,R23,R0603,
10nF,C13 C18 C22,C0603,
10uF,C1,C0603,
10uF,C7,C1206,
10uF,C23 C24,C0603,
10uF,C25,C0805,
10uF,C40 C41 C42 C43 C44 C45 C46,C0603,
12.4K 1%,R39,R0603,
22nF,C10,C0603,
22uF,C26,C0805,
22uF 35V,C2 C3 C27,C1206,
49.9 1%,R24 R25 R26 R27,R0603,
74HCT541PWR,U$1,TSSOP20,C131314
74LVC541APWR,U$3,TSSOP20,C6093
100,R5 R44 R45 R46 R47 R48 R49 R50,R0603,
100K,R1 R3 R7,R0603,
100nF,C4 C6 C11 C12 C14 C16 C17 C20,C0603,
330,R28 R29,R0603,
691313510002,J8 J9 J10 J11 J12,SHDRRA2W100P0X508_1X2_1216X120,
691313510003,J1 J3 J4 J6 J7,691313510003,
BLM21AG121SN1D,FL1,L0805,
CB3LV-OSCILATOR,25MHZ,SMD-7050_4P,
ESP32-DevKitC-32UE,U2,MODULE_ESP32-DEVKITC-32U,
IHLP1212BZER2R2M11,L1,INDPM3630X200N,C553996
J1011F01PNL,X9,J1011F01PNL,
MMBT3904LT1,T1 T2 T3,SOT23,
REG1117-3.3V,IC8,SOT223,
RTI-LOGO_BIG,U$4,LOGO_BIG,
TPS62133RGTR,PS1,QFN50P300X300X100-17N,C73973
W5500,U1,LQFP48,
XT60PW-M,J2,XT60PWM,C98732
